{"accuracy": [0.6060459613800049, 0.8610143065452576, 0.9164521098136902, 0.9416459202766418, 0.9557294249534607, 0.9670104384422302, 0.9719467759132385, 0.9778789281845093, 0.9794437885284424, 0.9827868342399597], "loss": [1.337887167930603, 0.43986302614212036, 0.2577982544898987, 0.17748741805553436, 0.13479068875312805, 0.10088139027357101, 0.08445701003074646, 0.06829749047756195, 0.062266137450933456, 0.05525165796279907], "val_accuracy": [0.8365012407302856, 0.9009219408035278, 0.9329615235328674, 0.955895721912384, 0.9510015845298767, 0.9447416067123413, 0.9533917307853699, 0.9348395466804504, 0.9560664892196655, 0.9639768004417419], "val_loss": [0.5321903824806213, 0.30032020807266235, 0.2037164866924286, 0.1377420723438263, 0.15501974523067474, 0.18388207256793976, 0.15304724872112274, 0.28722989559173584, 0.15437602996826172, 0.12420084327459335]}